Workbook

Sheet Sheet1
A4: Area | B4: Sum | C4: Max. Value | D4: Min. Value | E4: Average | F4: Standard Dev. | G4: Variance
A5: Test | C5: =MAX(B12:B111) -> 100 | D5: =MIN(B12:B111) -> 0 | E5: =AVERAGE(B12:B111) -> 46.9 | F5: =_xlfn.STDEV.P(Table1[score / 100]) -> 25.985573 | G5: =VAR(Table1[score / 100]) -> 682.07071
A6: Assignment | C6: =MAX(Table1[Assignment / 10]) -> 9 | D6: =MIN(Table1[Assignment / 10]) -> 1 | E6: =AVERAGE(Table1[Assignment / 10]) -> 5.33 | F6: =_xlfn.STDEV.P(Table1[Assignment / 10]) -> 2.3197198 | G6: =_xlfn.VAR.P(C12:C110) -> 5.4343434
A7: Attendance | C7: =MAX(Table1[Attendance / 5]) -> 5 | D7: =MIN(Table1[Attendance / 5]) -> 0 | E7: =AVERAGE(Table1[Attendance / 5]) -> 3.1 | F7: =_xlfn.STDEV.P(Table1[Attendance / 5]) -> 1.4933185 | G7: =_xlfn.VAR.P(Table1[Attendance / 5]) -> 2.23
A8: Project | C8: =MAX(Table1[Project / 10]) -> 10 | D8: =MIN(Table1[Project / 10]) -> 1 | E8: =AVERAGE(Table1[Project / 10]) -> 6.48 | F8: =_xlfn.STDEV.P(Table1[Project / 10]) -> 2.2202703 | G8: =_xlfn.VAR.P(Table1[Project / 10]) -> 4.9296
A9: total
A11: Student ID | B11: score / 100 | C11: Assignment / 10 | D11: Attendance / 5 | E11: Project / 10
A12: 1821610100 | B12: 27 | C12: 1 | D12: 2 | E12: 8
A13: =SUM(A12+1) -> 1821610101 | B13: 99 | C13: 2 | D13: 4 | E13: 4
A14: =SUM(A13+1) -> 1821610102 | B14: 97 | C14: 6 | D14: 3 | E14: 2
A15: =SUM(A14+1) -> 1821610103 | B15: 100 | C15: 4 | D15: 1 | E15: 4
A16: =SUM(A15+1) -> 1821610104 | B16: 98 | C16: 8 | D16: 4 | E16: 7
A17: =SUM(A16+1) -> 1821610105 | B17: 65 | C17: 4 | D17: 2 | E17: 9
A18: =SUM(A17+1) -> 1821610106 | B18: 45 | C18: 6 | D18: 3 | E18: 6
A19: =SUM(A18+1) -> 1821610107 | B19: 54 | C19: 5 | D19: 1 | E19: 3
A20: =SUM(A19+1) -> 1821610108 | B20: 76 | C20: 1 | D20: 2 | E20: 5
A21: =SUM(A20+1) -> 1821610109 | B21: 23 | C21: 7 | D21: 4 | E21: 4
A22: =SUM(A21+1) -> 1821610110 | B22: 16 | C22: 9 | D22: 1 | E22: 8
A23: =SUM(A22+1) -> 1821610111 | B23: 3 | C23: 6 | D23: 2 | E23: 7
A24: =SUM(A23+1) -> 1821610112 | B24: 87 | C24: 3 | D24: 3 | E24: 8
... A111: =SUM(A110+1) -> 1821610199 | B111: 0 | C111: 5 | D111: 5 | E111: 5

Sheet Individual
A1: Student ID | B1: คะแนน [100] | C1: การบ้าน [10] | D1: การเข้าเรียน [5] | E1: โปรเจค [10] | F1: คะแนนเก็บ [25] | G1: สอบ/75 | H1: คะแนนรวม
A2: 1821610124 | B2: 76 | C2: 4 | D2: 1 | E2: 1 | F2: =(SUM(C2:E2)/25)*25 -> 6 | G2: =(B2/100)*75 -> 57 | H2: =F2+G2 -> 63
A3: 1821610138 | B3: 23 | C3: 3 | D3: 4 | E3: 1 | F3: =(SUM(C3:E3)/25)*25 -> 8 | G3: =(B3/100)*75 -> 17.25 | H3: =F3+G3 -> 25.25
A4: 1821610108 | B4: 76 | C4: 1 | D4: 2 | E4: 5 | F4: =(SUM(C4:E4)/25)*25 -> 8 | G4: =(B4/100)*75 -> 57 | H4: =F4+G4 -> 65
A5: 1821610180 | B5: 24 | C5: 1 | D5: 1 | E5: 7 | F5: =(SUM(C5:E5)/25)*25 -> 9 | G5: =(B5/100)*75 -> 18 | H5: =F5+G5 -> 27
A6: 1821610107 | B6: 54 | C6: 5 | D6: 1 | E6: 3 | F6: =(SUM(C6:E6)/25)*25 -> 9 | G6: =(B6/100)*75 -> 40.5 | H6: =F6+G6 -> 49.5
A7: 1821610134 | B7: 79 | C7: 1 | D7: 1 | E7: 7 | F7: =(SUM(C7:E7)/25)*25 -> 9 | G7: =(B7/100)*75 -> 59.25 | H7: =F7+G7 -> 68.25
A8: 1821610139 | B8: 87 | C8: 2 | D8: 5 | E8: 2 | F8: =(SUM(C8:E8)/25)*25 -> 9 | G8: =(B8/100)*75 -> 65.25 | H8: =F8+G8 -> 74.25
A9: 1821610103 | B9: 100 | C9: 4 | D9: 1 | E9: 4 | F9: =(SUM(C9:E9)/25)*25 -> 9 | G9: =(B9/100)*75 -> 75 | H9: =F9+G9 -> 84
A10: 1821610126 | B10: 8 | C10: 6 | D10: 3 | E10: 1 | F10: =(SUM(C10:E10)/25)*25 -> 10 | G10: =(B10/100)*75 -> 6 | H10: =F10+G10 -> 16
A11: 1821610165 | B11: 23 | C11: 5 | D11: 4 | E11: 1 | F11: =(SUM(C11:E11)/25)*25 -> 10 | G11: =(B11/100)*75 -> 17.25 | H11: =F11+G11 -> 27.25
A12: 1821610137 | B12: 43 | C12: 6 | D12: 2 | E12: 2 | F12: =(SUM(C12:E12)/25)*25 -> 10 | G12: =(B12/100)*75 -> 32.25 | H12: =F12+G12 -> 42.25
A13: 1821610179 | B13: 75 | C13: 2 | D13: 4 | E13: 4 | F13: =(SUM(C13:E13)/25)*25 -> 10 | G13: =(B13/100)*75 -> 56.25 | H13: =F13+G13 -> 66.25
... A101: 1821610196 | B101: 95 | C101: 9 | D101: 5 | E101: 9 | F101: =(SUM(C101:E101)/25)*25 -> 23 | G101: =(B101/100)*75 -> 71.25 | H101: =F101+G101 -> 94.25

Sheet Dash
A1: กลุ่มคะแนนเก็บ
A2: Name | B2: Min | C2: Max | D2: Count
A3: 0 - 5 | B3: 0 | C3: 5 | D3: =COUNTIFS(Individual!$F$2:$F$101,">="&Dash!B3,Individual!$F$2:$F$101,"<="&Dash!C3) -> 0
A4: 6 - 10 | B4: 6 | C4: 10 | D4: =COUNTIFS(Individual!$F$2:$F$101,">="&Dash!B4,Individual!$F$2:$F$101,"<="&Dash!C4) -> 14
A5: 11 - 15 | B5: 11 | C5: 15 | D5: =COUNTIFS(Individual!$F$2:$F$101,">="&Dash!B5,Individual!$F$2:$F$101,"<="&Dash!C5) -> 41
A6: 16 - 20 | B6: 16 | C6: 20 | D6: =COUNTIFS(Individual!$F$2:$F$101,">="&Dash!B6,Individual!$F$2:$F$101,"<="&Dash!C6) -> 40
A7: 21 - 25 | B7: 21 | C7: 25 | D7: =COUNTIFS(Individual!$F$2:$F$101,">="&Dash!B7,Individual!$F$2:$F$101,"<="&Dash!C7) -> 5
